mesh_path_in_UEFN,material_path,stage_export_success,reference_role
/Scrapline/Imported/FactoryCurated/Meshes/SM_RecyclingMachine01.SM_RecyclingMachine01,/Scrapline/Imported/FactoryCurated/Materials/MI_RecyclingMachine01.MI_RecyclingMachine01,True,actual curated geometry; no demo content
/Scrapline/Imported/FactoryCurated/Meshes/SM_ForkLift.SM_ForkLift,/Scrapline/Imported/FactoryCurated/Materials/MI_ForkLift2.MI_ForkLift2,True,actual curated geometry; no demo content
/Scrapline/Imported/FactoryCurated/Meshes/SM_ForkLift.SM_ForkLift,/Scrapline/Imported/FactoryCurated/Materials/MI_ForkLiftDetails.MI_ForkLiftDetails,True,actual curated geometry; no demo content
/Scrapline/Imported/FactoryCurated/Meshes/SM_EngineWithContainer.SM_EngineWithContainer,/Scrapline/Imported/FactoryCurated/Materials/MI_ContainerEngine.MI_ContainerEngine,True,actual curated geometry; no demo content
/Scrapline/Imported/FactoryCurated/Meshes/SM_EngineWithContainer.SM_EngineWithContainer,/Scrapline/Imported/FactoryCurated/Materials/MI_TruckEngine.MI_TruckEngine,True,actual curated geometry; no demo content
/Scrapline/Imported/FactoryCurated/Meshes/SM_EngineWithContainer.SM_EngineWithContainer,/Scrapline/Imported/FactoryCurated/Materials/M_BaseMetal.M_BaseMetal,True,actual curated geometry; no demo content
/Scrapline/Imported/FactoryCurated/Meshes/SM_ElectricalSupply_Switchboard01.SM_ElectricalSupply_Switchboard01,/Scrapline/Imported/FactoryCurated/Materials/MI_ElectricalSupply.MI_ElectricalSupply,True,actual curated geometry; no demo content
/Scrapline/Imported/FactoryCurated/Meshes/SM_ElectricalSupply_Switchboard01.SM_ElectricalSupply_Switchboard01,/Scrapline/Imported/FactoryCurated/Materials/MI_ElectricalSupply_Details.MI_ElectricalSupply_Details,True,actual curated geometry; no demo content
/Scrapline/Imported/FactoryCurated/Meshes/SM_ElectricalPanel_01.SM_ElectricalPanel_01,/Scrapline/Imported/FactoryCurated/Materials/MI_ElectricalBox_01.MI_ElectricalBox_01,True,actual curated geometry; no demo content
/Scrapline/Imported/FactoryCurated/Meshes/SM_Container01_02.SM_Container01_02,/Scrapline/Imported/FactoryCurated/Materials/MI_Container01.MI_Container01,True,actual curated geometry; no demo content
/Scrapline/Imported/FactoryCurated/Meshes/SM_Container01_01.SM_Container01_01,/Scrapline/Imported/FactoryCurated/Materials/MI_Container01.MI_Container01,True,actual curated geometry; no demo content
/Scrapline/Imported/FactoryCurated/Meshes/SM_AssemblyLineTable01.SM_AssemblyLineTable01,/Scrapline/Imported/FactoryCurated/Materials/MI_AssemblyLineColor02.MI_AssemblyLineColor02,True,actual curated geometry; no demo content
/Scrapline/Imported/FactoryCurated/Meshes/SM_AssemblyLineControl01.SM_AssemblyLineControl01,/Scrapline/Imported/FactoryCurated/Materials/MI_AssemLine_DeskControl.MI_AssemLine_DeskControl,True,actual curated geometry; no demo content
/Scrapline/Imported/FactoryCurated/Meshes/SM_AssemblyLineControl01.SM_AssemblyLineControl01,/Scrapline/Imported/FactoryCurated/Materials/MI_AssemLine_Decals.MI_AssemLine_Decals,True,actual curated geometry; no demo content
/Scrapline/Imported/FactoryCurated/Meshes/SM_AssemblyLine02.SM_AssemblyLine02,/Scrapline/Imported/FactoryCurated/Materials/MI_AssemblyLineColor02.MI_AssemblyLineColor02,True,actual curated geometry; no demo content
/Scrapline/Imported/FactoryCurated/Meshes/SM_AssemblyLine02.SM_AssemblyLine02,/Scrapline/Imported/FactoryCurated/Materials/Mi_3ColorsMaskBase_Unique_Front.Mi_3ColorsMaskBase_Unique_Front,True,actual curated geometry; no demo content
/Scrapline/Imported/FactoryCurated/Meshes/SM_AssemblyLine02.SM_AssemblyLine02,/Scrapline/Imported/FactoryCurated/Materials/Mi_3ColorsMaskBase_Unique_Front.Mi_3ColorsMaskBase_Unique_Front,True,actual curated geometry; no demo content
/Scrapline/Imported/FactoryCurated/Meshes/SM_AssemblyLine01.SM_AssemblyLine01,/Scrapline/Imported/FactoryCurated/Materials/MI_AssemblyLineColor02.MI_AssemblyLineColor02,True,actual curated geometry; no demo content
/Scrapline/Imported/FactoryCurated/Meshes/SM_AssemblyLine01.SM_AssemblyLine01,/Scrapline/Imported/FactoryCurated/Materials/Mi_3ColorsMaskBase_UniqueForward.Mi_3ColorsMaskBase_UniqueForward,True,actual curated geometry; no demo content
/Scrapline/Imported/FactoryCurated/Meshes/SM_AssemblyLine01.SM_AssemblyLine01,/Scrapline/Imported/FactoryCurated/Materials/Mi_3ColorsMaskBase_UniqueForward.Mi_3ColorsMaskBase_UniqueForward,True,actual curated geometry; no demo content
/Scrapline/Imported/FactoryCurated/Meshes/Crane/SM_CraneCable01.SM_CraneCable01,/Scrapline/Imported/FactoryCurated/Materials/MI_ElectricMotor01.MI_ElectricMotor01,True,actual curated geometry; no demo content
/Scrapline/Imported/FactoryCurated/Meshes/Crane/SM_CraneCabin01.SM_CraneCabin01,/Scrapline/Imported/FactoryCurated/Materials/MI_Cranecabin01.MI_Cranecabin01,True,actual curated geometry; no demo content
/Scrapline/Imported/FactoryCurated/Meshes/Crane/SM_CraneCabin01.SM_CraneCabin01,/Scrapline/Imported/FactoryCurated/Materials/MI_BaseGlass01.MI_BaseGlass01,True,actual curated geometry; no demo content
/Scrapline/Imported/FactoryCurated/Meshes/Crane/SM_Crane01.SM_Crane01,/Scrapline/Imported/FactoryCurated/Materials/MI_Crane01.MI_Crane01,True,actual curated geometry; no demo content
/Scrapline/Imported/FactoryCurated/Meshes/Crane/SM_Crane01.SM_Crane01,/Scrapline/Imported/FactoryCurated/Materials/MI_FireEquipmentBox.MI_FireEquipmentBox,True,actual curated geometry; no demo content
/Scrapline/Imported/GarageSource/Meshes/SM_Workbench.SM_Workbench,/Scrapline/Imported/GarageSource/Materials/M_Workbench.M_Workbench,True,actual curated geometry; no demo content
/Scrapline/Imported/GarageSource/Meshes/SM_Wheel.SM_Wheel,/Scrapline/Imported/GarageSource/Materials/M_Wheel.M_Wheel,True,actual curated geometry; no demo content
/Scrapline/Imported/GarageSource/Meshes/SM_Ventilation.SM_Ventilation,/Scrapline/Imported/GarageSource/Materials/M_Ventilation.M_Ventilation,True,actual curated geometry; no demo content
/Scrapline/Imported/GarageSource/Meshes/SM_Stairs.SM_Stairs,/Scrapline/Imported/GarageSource/Materials/M_Stairs.M_Stairs,True,actual curated geometry; no demo content
/Scrapline/Imported/GarageSource/Meshes/SM_Shelf_1.SM_Shelf_1,/Scrapline/Imported/GarageSource/Materials/M_Shelf_1.M_Shelf_1,True,actual curated geometry; no demo content
/Scrapline/Imported/GarageSource/Meshes/SM_Shelf.SM_Shelf,/Scrapline/Imported/GarageSource/Materials/M_Shelf.M_Shelf,True,actual curated geometry; no demo content
/Scrapline/Imported/GarageSource/Meshes/SM_Railings.SM_Railings,/Scrapline/Imported/GarageSource/Materials/M_Railings.M_Railings,True,actual curated geometry; no demo content
/Scrapline/Imported/GarageSource/Meshes/SM_Pallet.SM_Pallet,/Scrapline/Imported/GarageSource/Materials/M_Pallet.M_Pallet,True,actual curated geometry; no demo content
/Scrapline/Imported/GarageSource/Meshes/SM_Illuminator.SM_Illuminator,/Scrapline/Imported/GarageSource/Materials/M_Illuminator.M_Illuminator,True,actual curated geometry; no demo content
/Scrapline/Imported/GarageSource/Meshes/SM_Garage_1_roof.SM_Garage_1_roof,/Scrapline/Imported/GarageSource/Materials/M_Garage_1_roof.M_Garage_1_roof,True,actual curated geometry; no demo content
/Scrapline/Imported/GarageSource/Meshes/SM_Garage_1.SM_Garage_1,/Scrapline/Imported/GarageSource/Materials/M_Garage_1.M_Garage_1,True,actual curated geometry; no demo content
/Scrapline/Imported/GarageSource/Meshes/SM_Cart.SM_Cart,/Scrapline/Imported/GarageSource/Materials/M_Cart.M_Cart,True,actual curated geometry; no demo content
/Scrapline/Imported/IndustrialPipesSource/models/pipe_m_valve_base_00.pipe_m_valve_base_00,/Scrapline/Imported/IndustrialPipesSource/materials/pipes_m_skin0.pipes_m_skin0,True,actual curated geometry; no demo content
/Scrapline/Imported/IndustrialPipesSource/models/pipe_m_valve_00.pipe_m_valve_00,/Scrapline/Imported/IndustrialPipesSource/materials/pipes_m_skin0.pipes_m_skin0,True,actual curated geometry; no demo content
/Scrapline/Imported/IndustrialPipesSource/models/pipe_m_turn90_00.pipe_m_turn90_00,/Scrapline/Imported/IndustrialPipesSource/materials/pipes_m_skin0.pipes_m_skin0,True,actual curated geometry; no demo content
/Scrapline/Imported/IndustrialPipesSource/models/pipe_m_turn45_l75_00.pipe_m_turn45_l75_00,/Scrapline/Imported/IndustrialPipesSource/materials/pipes_m_skin0.pipes_m_skin0,True,actual curated geometry; no demo content
/Scrapline/Imported/IndustrialPipesSource/models/pipe_m_turn45_l150_start_00.pipe_m_turn45_l150_start_00,/Scrapline/Imported/IndustrialPipesSource/materials/pipes_m_skin0.pipes_m_skin0,True,actual curated geometry; no demo content
/Scrapline/Imported/IndustrialPipesSource/models/pipe_m_turn45_l150_middle_00.pipe_m_turn45_l150_middle_00,/Scrapline/Imported/IndustrialPipesSource/materials/pipes_m_skin0.pipes_m_skin0,True,actual curated geometry; no demo content
/Scrapline/Imported/IndustrialPipesSource/models/pipe_m_turn45_l150_00.pipe_m_turn45_l150_00,/Scrapline/Imported/IndustrialPipesSource/materials/pipes_m_skin0.pipes_m_skin0,True,actual curated geometry; no demo content
/Scrapline/Imported/IndustrialPipesSource/models/pipe_m_turn45_l100_00.pipe_m_turn45_l100_00,/Scrapline/Imported/IndustrialPipesSource/materials/pipes_m_skin0.pipes_m_skin0,True,actual curated geometry; no demo content
/Scrapline/Imported/IndustrialPipesSource/models/pipe_m_turn45_connector_00.pipe_m_turn45_connector_00,/Scrapline/Imported/IndustrialPipesSource/materials/pipes_m_skin0.pipes_m_skin0,True,actual curated geometry; no demo content
/Scrapline/Imported/IndustrialPipesSource/models/pipe_m_turn45_00.pipe_m_turn45_00,/Scrapline/Imported/IndustrialPipesSource/materials/pipes_m_skin0.pipes_m_skin0,True,actual curated geometry; no demo content
/Scrapline/Imported/IndustrialPipesSource/models/pipe_m_tjoint_00.pipe_m_tjoint_00,/Scrapline/Imported/IndustrialPipesSource/materials/pipes_m_skin0.pipes_m_skin0,True,actual curated geometry; no demo content
/Scrapline/Imported/IndustrialPipesSource/models/pipe_m_l85_00.pipe_m_l85_00,/Scrapline/Imported/IndustrialPipesSource/materials/pipes_m_skin0.pipes_m_skin0,True,actual curated geometry; no demo content
/Scrapline/Imported/IndustrialPipesSource/models/pipe_m_l75_00.pipe_m_l75_00,/Scrapline/Imported/IndustrialPipesSource/materials/pipes_m_skin0.pipes_m_skin0,True,actual curated geometry; no demo content
/Scrapline/Imported/IndustrialPipesSource/models/pipe_m_l60.pipe_m_l60,/Scrapline/Imported/IndustrialPipesSource/materials/pipes_m_skin0.pipes_m_skin0,True,actual curated geometry; no demo content
/Scrapline/Imported/IndustrialPipesSource/models/pipe_m_l50_00.pipe_m_l50_00,/Scrapline/Imported/IndustrialPipesSource/materials/pipes_m_skin0.pipes_m_skin0,True,actual curated geometry; no demo content
/Scrapline/Imported/IndustrialPipesSource/models/pipe_m_l300_00.pipe_m_l300_00,/Scrapline/Imported/IndustrialPipesSource/materials/pipes_m_skin0.pipes_m_skin0,True,actual curated geometry; no demo content
/Scrapline/Imported/IndustrialPipesSource/models/pipe_m_l160_00.pipe_m_l160_00,/Scrapline/Imported/IndustrialPipesSource/materials/pipes_m_skin0.pipes_m_skin0,True,actual curated geometry; no demo content
/Scrapline/Imported/IndustrialPipesSource/models/pipe_m_l150_00.pipe_m_l150_00,/Scrapline/Imported/IndustrialPipesSource/materials/pipes_m_skin0.pipes_m_skin0,True,actual curated geometry; no demo content
/Scrapline/Imported/IndustrialPipesSource/models/pipe_m_l140_00.pipe_m_l140_00,/Scrapline/Imported/IndustrialPipesSource/materials/pipes_m_skin0.pipes_m_skin0,True,actual curated geometry; no demo content
/Scrapline/Imported/IndustrialPipesSource/models/pipe_m_l140_00.pipe_m_l140_00,/Engine/EngineMaterials/WorldGridMaterial.WorldGridMaterial,True,actual curated geometry; no demo content
/Scrapline/Imported/IndustrialPipesSource/models/pipe_m_l100_00.pipe_m_l100_00,/Scrapline/Imported/IndustrialPipesSource/materials/pipes_m_skin0.pipes_m_skin0,True,actual curated geometry; no demo content
/Scrapline/Imported/IndustrialPipesSource/models/pipe_m_connector_00.pipe_m_connector_00,/Scrapline/Imported/IndustrialPipesSource/materials/pipes_m_skin0.pipes_m_skin0,True,actual curated geometry; no demo content
/Scrapline/Imported/IndustrialPipesSource/models/pipe_m_bracing_wall_00.pipe_m_bracing_wall_00,/Scrapline/Imported/IndustrialPipesSource/materials/pipes_m_skin0.pipes_m_skin0,True,actual curated geometry; no demo content
/Scrapline/Imported/IndustrialPipesSource/models/pipe_m_bracing_m_start_00.pipe_m_bracing_m_start_00,/Scrapline/Imported/IndustrialPipesSource/materials/pipes_m_skin0.pipes_m_skin0,True,actual curated geometry; no demo content
/Scrapline/Imported/IndustrialPipesSource/models/pipe_m_bracing_m_end_00.pipe_m_bracing_m_end_00,/Scrapline/Imported/IndustrialPipesSource/materials/pipes_m_skin0.pipes_m_skin0,True,actual curated geometry; no demo content
/Scrapline/Imported/IndustrialPipesSource/models/pipe_m_bracing_h150_v_00.pipe_m_bracing_h150_v_00,/Scrapline/Imported/IndustrialPipesSource/materials/pipes_m_skin0.pipes_m_skin0,True,actual curated geometry; no demo content
/Scrapline/Imported/IndustrialPipesSource/models/pipe_m_bracing_h150_00.pipe_m_bracing_h150_00,/Scrapline/Imported/IndustrialPipesSource/materials/pipes_m_skin0.pipes_m_skin0,True,actual curated geometry; no demo content
/Scrapline/Imported/IndustrialPipesSource/models/pipe_m_bracing_floor_00.pipe_m_bracing_floor_00,/Scrapline/Imported/IndustrialPipesSource/materials/pipes_m_skin0.pipes_m_skin0,True,actual curated geometry; no demo content
/Scrapline/Imported/IndustrialPipesSource/models/pipe_m_barcing_m_middle.pipe_m_barcing_m_middle,/Scrapline/Imported/IndustrialPipesSource/materials/pipes_m_skin0.pipes_m_skin0,True,actual curated geometry; no demo content
/Scrapline/Imported/VehicleVarietyV2Curated/Meshes/SM_Campervan_01a.SM_Campervan_01a,/Scrapline/Imported/VehicleVarietyV2Curated/Materials/Camper/Mi_InteriorWall_01a.Mi_InteriorWall_01a,True,actual curated geometry; no demo content
/Scrapline/Imported/VehicleVarietyV2Curated/Meshes/SM_Campervan_01a.SM_Campervan_01a,/Scrapline/Imported/VehicleVarietyV2Curated/Materials/Camper/Mi_CarpetFloor_01a.Mi_CarpetFloor_01a,True,actual curated geometry; no demo content
/Scrapline/Imported/VehicleVarietyV2Curated/Meshes/SM_Campervan_01a.SM_Campervan_01a,/Scrapline/Imported/VehicleVarietyV2Curated/Materials/Camper/Mi_Camper_InteriorFront_01a.Mi_Camper_InteriorFront_01a,True,actual curated geometry; no demo content
/Scrapline/Imported/VehicleVarietyV2Curated/Meshes/SM_Campervan_01a.SM_Campervan_01a,/Scrapline/Imported/VehicleVarietyV2Curated/Materials/Camper/Mi_Camper_BodyPieces_01a.Mi_Camper_BodyPieces_01a,True,actual curated geometry; no demo content
/Scrapline/Imported/VehicleVarietyV2Curated/Meshes/SM_Campervan_01a.SM_Campervan_01a,/Scrapline/Imported/VehicleVarietyV2Curated/Materials/Camper/Mi_CamperRear_01a.Mi_CamperRear_01a,True,actual curated geometry; no demo content
/Scrapline/Imported/VehicleVarietyV2Curated/Meshes/SM_Campervan_01a.SM_Campervan_01a,/Scrapline/Imported/VehicleVarietyV2Curated/Materials/Camper/Mi_CamperChassis_01a.Mi_CamperChassis_01a,True,actual curated geometry; no demo content
/Scrapline/Imported/VehicleVarietyV2Curated/Meshes/SM_Campervan_01a.SM_Campervan_01a,/Scrapline/Imported/VehicleVarietyV2Curated/Materials/Camper/Mi_Camper_Body_01a.Mi_Camper_Body_01a,True,actual curated geometry; no demo content
/Scrapline/Imported/VehicleVarietyV2Curated/Meshes/SM_Campervan_01a.SM_Campervan_01a,/Scrapline/Imported/VehicleVarietyV2Curated/Materials/Camper/Mi_Camper_Glass_01a.Mi_Camper_Glass_01a,True,actual curated geometry; no demo content
/Scrapline/Imported/VehicleVarietyV2Curated/Meshes/SM_BoxTruck_01a.SM_BoxTruck_01a,/Scrapline/Imported/VehicleVarietyV2Curated/Materials/BoxTruck/Mi_BoxTruck_Interior_01a.Mi_BoxTruck_Interior_01a,True,actual curated geometry; no demo content
/Scrapline/Imported/VehicleVarietyV2Curated/Meshes/SM_BoxTruck_01a.SM_BoxTruck_01a,/Scrapline/Imported/VehicleVarietyV2Curated/Materials/BoxTruck/Mi_BoxTruck_ExteriorDetailing_01a.Mi_BoxTruck_ExteriorDetailing_01a,True,actual curated geometry; no demo content
/Scrapline/Imported/VehicleVarietyV2Curated/Meshes/SM_BoxTruck_01a.SM_BoxTruck_01a,/Scrapline/Imported/VehicleVarietyV2Curated/Materials/BoxTruck/Mi_GlassPlanes_01a.Mi_GlassPlanes_01a,True,actual curated geometry; no demo content
/Scrapline/Imported/VehicleVarietyV2Curated/Meshes/SM_BoxTruck_01a.SM_BoxTruck_01a,/Scrapline/Imported/VehicleVarietyV2Curated/Materials/BoxTruck/Mi_BoxTruck_Exterior_01b.Mi_BoxTruck_Exterior_01b,True,actual curated geometry; no demo content
/Scrapline/Imported/VehicleVarietyV2Curated/Meshes/SM_BoxTruck_01a.SM_BoxTruck_01a,/Scrapline/Imported/VehicleVarietyV2Curated/Materials/BoxTruck/Mi_BoxTruck_Exterior_01a.Mi_BoxTruck_Exterior_01a,True,actual curated geometry; no demo content
/Scrapline/Imported/VehicleVarietyV2Curated/Meshes/SM_BoxTruck_01a.SM_BoxTruck_01a,/Scrapline/Imported/VehicleVarietyV2Curated/Materials/BoxTruck/Mi_BoxTruck_Exterior_01c.Mi_BoxTruck_Exterior_01c,True,actual curated geometry; no demo content
/Scrapline/Imported/VehicleVarietyV2Curated/Meshes/SM_BoxTruck_01a.SM_BoxTruck_01a,/Scrapline/Imported/VehicleVarietyV2Curated/Materials/BoxTruck/Mi_BoxTruck_Interior_01b.Mi_BoxTruck_Interior_01b,True,actual curated geometry; no demo content
